Year,GDP (Trillions KES)
2017,7.883816
2018,8.330891
2019,8.756946
2020,8.733061
2021,9.395942
2022,9.852583
2023,10.41615
2024,10.908286
2025,11.440604
2026,11.95241
